3144,reviews,52923,Silver & Charlton - The Fulwell Clinic,deleted
5170,reviews,37172,HSJ Dental
9027,reviews,64832,The Temple Practice - Leeds
11859,reviews,66600,Medical Aesthetic Clinic
15529,reviews,52207,Natural Contours
15529,reviews,52207,Natural Contours
15594,reviews,64803,Woodford Medical Clinic - Essex
15929,reviews,43159,Bangkok Skin Plastic Surgery Centre Kasetsart
18352,reviews,58883,Wells Clinic Crawley,deleted
18352,reviews,58884,Wells Clinic Crawley,deleted
18400,reviews,50590,Harley Street Treatments Ltd
18843,reviews,53378,Internal Beauty Clinic
18843,reviews,53378,Internal Beauty Clinic
25973,reviews,27755,Dharmana’s Family & General Practice
32574,reviews,24883,Aesthetic Beauty Centre - Newcastle
32574,reviews,24883,Aesthetic Beauty Centre - Newcastle
32574,reviews,24883,Aesthetic Beauty Centre - Newcastle
36797,reviews,10737,SurgiCare Medical Group - Manchester
37632,reviews,39277,Mountjoy Street Medical Practice
37797,reviews,4608,Dr Dan Murphy
37859,reviews,49732,Dr Des Connolly - Duncairn Clinic,deleted
38495,reviews,46997,Bridge House Surgery
40370,leadfeedback,504243,AY EternalYouth,deleted
40370,reviews,53220,AY EternalYouth,deleted
40478,reviews,7869,Sims IVF
40558,reviews,32009,Elan Medical Skin Clinic - Rayleigh
40558,reviews,47925,Elan Medical Skin Clinic - Rayleigh
40558,reviews,51103,Elan Medical Skin Clinic - Rayleigh
40558,reviews,51353,Elan Medical Skin Clinic - Rayleigh
40558,reviews,52010,Elan Medical Skin Clinic - Rayleigh
40558,reviews,52010,Elan Medical Skin Clinic - Rayleigh
40558,reviews,54014,Elan Medical Skin Clinic - Rayleigh
40558,reviews,59617,Elan Medical Skin Clinic - Rayleigh,deleted
40558,reviews,59617,Elan Medical Skin Clinic - Rayleigh,deleted
91681,leadfeedback,31420,Dr. Raynald Torres Enhancements Skin and Cosmetic Surgery Alabang
91681,reviews,3204,Dr. Raynald Torres Enhancements Skin and Cosmetic Surgery Alabang
91713,reviews,53803,Dermalis,deleted
91713,reviews,53803,Dermalis,deleted
91713,reviews,54653,Dermalis
91713,reviews,59642,Dermalis
91713,reviews,60186,Dermalis
91713,reviews,61049,Dermalis
91713,reviews,62309,Dermalis,deleted
91713,reviews,62309,Dermalis,deleted
91773,leadfeedback,79675,Amaris B. Clinic,deleted
92136,reviews,42304,Essence Medical
92136,reviews,60663,Essence Medical
92159,leadfeedback,401836,Talbot Street Medical Centre,deleted
92722,reviews,52853,Rosmetics
92839,reviews,52842,Dr. Rita Rakus
92839,reviews,60870,Dr. Rita Rakus
93196,leadfeedback,59876,Beverly Hills Medical Group
93196,reviews,11893,Beverly Hills Medical Group
93196,reviews,28892,Beverly Hills Medical Group
93284,reviews,49427,I-Time Clinic
93284,reviews,49510,I-Time Clinic
93875,leadfeedback,283348,Bangkok Plastic Surgery Clinic,deleted
94025,reviews,53615,Re-Nu Skin Clinic
95243,reviews,48963,Dr Foued Hamza,deleted
95485,reviews,8189,Cutis Cosmetic Clinic
97222,reviews,47774,Dr Reginald Carr
97247,reviews,66798,Coltishall Cosmetic Clinic
97247,reviews,66798,Coltishall Cosmetic Clinic
97516,reviews,60945,Kim Jong-seo Plastic Surgery Clinic
97516,reviews,60946,Kim Jong-seo Plastic Surgery Clinic
97516,reviews,60946,Kim Jong-seo Plastic Surgery Clinic
97516,reviews,60947,Kim Jong-seo Plastic Surgery Clinic
97516,reviews,60947,Kim Jong-seo Plastic Surgery Clinic
98214,reviews,52648,Peach Practice
101335,leadfeedback,296719,Body Aesthetic Center,deleted
101500,reviews,65904,Glendair Dental Practice 
102924,reviews,48605,Skinfirst,deleted
103045,reviews,61958,Lotus Clinic
103045,reviews,61959,Lotus Clinic
103461,reviews,24135,Phoenix Treatment Centre
103503,reviews,48964,James Willis Faces
103825,reviews,46276,BeauSynergy
103842,reviews,7137,SpaMedica
104333,reviews,53691,A New You,deleted
104640,reviews,47122,Dr. Mark Aszkenasy BACD
104640,reviews,47376,Dr. Mark Aszkenasy BACD
104640,reviews,47420,Dr. Mark Aszkenasy BACD
104640,reviews,47633,Dr. Mark Aszkenasy BACD
104640,reviews,49750,Dr. Mark Aszkenasy BACD
104640,reviews,51646,Dr. Mark Aszkenasy BACD
104640,reviews,57066,Dr. Mark Aszkenasy BACD
104640,reviews,60747,Dr. Mark Aszkenasy BACD
104640,reviews,62931,Dr. Mark Aszkenasy BACD
105042,reviews,46169,Surface Beauty Aesthetics Ltd
105042,reviews,55104,Surface Beauty Aesthetics Ltd
105042,reviews,55106,Surface Beauty Aesthetics Ltd,deleted
105042,reviews,55229,Surface Beauty Aesthetics Ltd,deleted
105042,reviews,45914,Surface Beauty Aesthetics Ltd
105042,reviews,55108,Surface Beauty Aesthetics Ltd,deleted
105042,reviews,55177,Surface Beauty Aesthetics Ltd,deleted
105042,reviews,56881,Surface Beauty Aesthetics Ltd
105042,reviews,55182,Surface Beauty Aesthetics Ltd,deleted
105042,reviews,55180,Surface Beauty Aesthetics Ltd,deleted
105091,leadfeedback,560594,The Chilston Clinic,deleted
105461,reviews,62791,Ageless
105461,reviews,62925,Ageless
105618,leadfeedback,658880,Dentistree Horley,deleted
105841,reviews,56597,Aesthetics Anywhere,deleted
105841,reviews,56598,Aesthetics Anywhere,deleted
105841,reviews,56599,Aesthetics Anywhere,deleted
105844,reviews,59240,Dr Cosmetic Skin Clinic
105848,reviews,46548,Pall Mall Medical
105848,reviews,35044,Pall Mall Medical
105900,reviews,7601,My Beauty Doctor
105900,reviews,19203,My Beauty Doctor
105966,reviews,48718,The Wellfield Skin Clinic
105966,reviews,50037,The Wellfield Skin Clinic
106315,reviews,59432,Bosworth Aesthetics & Beauty,deleted
106315,reviews,59512,Bosworth Aesthetics & Beauty
106486,reviews,57617,DermalClinic,deleted
106486,reviews,57617,DermalClinic,deleted
106486,reviews,57618,DermalClinic,deleted
106486,reviews,57618,DermalClinic,deleted
106486,reviews,57753,DermalClinic,deleted
106486,reviews,57753,DermalClinic,deleted
106611,reviews,49941,Dermcare Clinic- Subang
106844,reviews,63454,Solas Medical Centre
107304,leadfeedback,532988,New Dawn Aesthetics,deleted
107575,leadfeedback,208160,Mediviron UOA Clinic,deleted
108375,reviews,49159,Midlands Cosmetics
108423,reviews,46764,Kienecker Medical Ltd.
108423,reviews,48078,Kienecker Medical Ltd.
108948,reviews,51567,Barbara Pointon
108948,reviews,52088,Barbara Pointon
108948,reviews,53035,Barbara Pointon
108948,reviews,53036,Barbara Pointon
108948,reviews,53036,Barbara Pointon
108948,reviews,54958,Barbara Pointon
108948,reviews,54959,Barbara Pointon,deleted
108948,reviews,54959,Barbara Pointon,deleted
108948,reviews,54960,Barbara Pointon,deleted
108948,reviews,54960,Barbara Pointon,deleted
108948,reviews,59210,Barbara Pointon
108958,reviews,47416,Quinn Clinics - Bristol
108958,reviews,48007,Quinn Clinics - Bristol
108958,reviews,51155,Quinn Clinics - Bristol
108958,reviews,51155,Quinn Clinics - Bristol
108958,reviews,51155,Quinn Clinics - Bristol
109046,reviews,59304,Emma Chan Medical Aesthetics and Skin Solutions
109302,reviews,49878,Crosby Aesthetics
109353,reviews,53963,Blemish Medical Aesthetics
109353,reviews,53964,Blemish Medical Aesthetics
109454,reviews,49400,Persona Cosmetic Medicine - Bexley
109454,reviews,49400,Persona Cosmetic Medicine - Bexley
109475,reviews,53229,Beautifil Aesthetics,deleted
109483,reviews,61571,Skinfinite St Albans
109733,leadfeedback,198340,The Green Room - Bournemouth Clinic,deleted
109733,reviews,47749,The Green Room - Bournemouth Clinic
109733,reviews,59223,The Green Room - Bournemouth Clinic
109733,reviews,59223,The Green Room - Bournemouth Clinic
110335,reviews,50231,Hebe Aesthetic and Anti-Aging Clinic
110763,reviews,46761,Perfect Image Consultants
110763,reviews,46768,Perfect Image Consultants
110992,reviews,13342,Moorgate Aesthetics - Chants
111067,reviews,13351,Moorgate Aesthetics - The Lounge
111477,reviews,13333,Moorgate Aesthetics - Harley Street
111477,reviews,14891,Moorgate Aesthetics - Harley Street
111504,reviews,53436,Klinik Kulit Dermlaze
111888,reviews,61575,Botastic Aesthetics Ltd
111946,reviews,45675,Cardiff Cosmetic Clinic
111946,reviews,45677,Cardiff Cosmetic Clinic
111946,reviews,45688,Cardiff Cosmetic Clinic
111946,reviews,45702,Cardiff Cosmetic Clinic
112223,reviews,62802,TheSmartSkinClinic
112302,reviews,50426,True you skin clinics
112577,reviews,49448,Monday's Child
112577,reviews,49814,Monday's Child
112577,reviews,52190,Monday's Child
112577,reviews,53071,Monday's Child
112577,reviews,56185,Monday's Child,deleted
112577,reviews,57410,Monday's Child
112577,reviews,62638,Monday's Child
112577,reviews,64534,Monday's Child
112675,reviews,50394,Sharmi Joseph in Sunningdale
112676,reviews,53099,Sharmi Joseph  in Henley on Thames,deleted
112676,reviews,53099,Sharmi Joseph  in Henley on Thames,deleted
112747,reviews,46642,SaRivaa Aesthetics
112747,reviews,58026,SaRivaa Aesthetics
113258,reviews,16644,Gardenview Dental Care
113676,reviews,52636,Bicester Clinic
113676,reviews,55550,Bicester Clinic
113676,reviews,55551,Bicester Clinic
113848,reviews,62871,Luxe Skin,deleted
114174,reviews,54271,Aesthetic Transitions Purley
114174,reviews,54274,Aesthetic Transitions Purley
114174,reviews,54274,Aesthetic Transitions Purley
114953,reviews,48164,Dr Ban Ratti Medical Aesthetics Surbiton
115571,leadfeedback,559373,Absolute Image,deleted
116259,reviews,54300,Oxford Facial Aesthetics
116449,reviews,39757,Aesthetic Smiles
116546,leadfeedback,566562,Klinik Harmoni (Dr Hon Aesthetic Clinic),deleted
116867,reviews,46269,Dr Hardik Patel: Ascot
116867,reviews,63054,Dr Hardik Patel: Ascot
117087,reviews,57609,Get Hair Hair Transplant Professionals
117297,reviews,64522,SkinViva Manchester
117297,reviews,64667,SkinViva Manchester
118148,reviews,52023,Botique Facial Aesthetics
118774,reviews,33437,Elixir Treatments - Surrey
118774,reviews,33437,Elixir Treatments - Surrey
118916,reviews,65846,Treats Beauty and Aesthetics,deleted
118984,reviews,48816,Shapers
119016,reviews,22854,VIP International Plastic Surgery Center
119051,reviews,66809,Liverpool Skin Clinic and Hair Transplant Centre
119051,reviews,66809,Liverpool Skin Clinic and Hair Transplant Centre
119168,reviews,45747,Face Perfect Clinic - Leeds
119168,reviews,46337,Face Perfect Clinic - Leeds
119168,reviews,52456,Face Perfect Clinic - Leeds
119168,reviews,53346,Face Perfect Clinic - Leeds
119168,reviews,53664,Face Perfect Clinic - Leeds
119168,reviews,54464,Face Perfect Clinic - Leeds
119457,reviews,66780,Gillian Graham, Skin Science
119648,reviews,49161,Midlands Cosmetics-Wolverhampton
119668,reviews,59358,Maschio Male Hair and Grooming,deleted
119748,reviews,48818,Aqualine Kettering,deleted
119748,reviews,49276,Aqualine Kettering
119931,reviews,66565,Bexhill Hair and Skin Cosmetic Clinic
119931,reviews,66565,Bexhill Hair and Skin Cosmetic Clinic
120038,reviews,61009,Hilton Skin Clinics,deleted
120038,reviews,61009,Hilton Skin Clinics,deleted
120038,reviews,61010,Hilton Skin Clinics
120269,reviews,56534,The London Face
120754,reviews,54587,Angela Woodcock Clinic Hull
120945,reviews,52090,Stay Beautiful
120945,reviews,60749,Stay Beautiful
120945,reviews,60750,Stay Beautiful
120945,reviews,61878,Stay Beautiful
121292,reviews,65335,Cindy Knight Clinic
121556,reviews,52341,Milo Clinic-London,deleted
121556,reviews,52341,Milo Clinic-London,deleted
121999,reviews,63226,North West Aesthetics
122543,reviews,45273,Smooth Medical at Macclesfield Chesire East
123743,reviews,26745,UltraSlim Clinics - Wolverhampton
124628,reviews,57439,Evita Clinic
124729,leadfeedback,233483,Dr. Prinya Surgery and Skin Laser Center,deleted
125433,reviews,27437,Smooth Creation
125446,leadfeedback,544816,Botastic Aesthetics Ltd Scarborough,deleted
125707,reviews,27134,Aesthetic Nursing Services
126218,reviews,52660,Rejuvinox Clinic
126252,reviews,62819,Park Private Clinic
126672,reviews,61422,Facial Aesthetics
126672,reviews,61632,Facial Aesthetics
126672,reviews,61805,Facial Aesthetics
127119,leadfeedback,475669,Wolds Dental Studio,deleted
127274,reviews,49912,Enhance Cosmetic Clinic
127274,reviews,49912,Enhance Cosmetic Clinic
127552,reviews,26138,The Tan and Beauty Salon
127552,reviews,26138,The Tan and Beauty Salon
127740,reviews,62602,Medical Therapies Ltd
127740,reviews,66598,Medical Therapies Ltd
128531,reviews,61900,Beautology,deleted
128617,reviews,66719,Riyaanz Skin Hair  Laser Clinic
128654,reviews,49710,Northumbria Skin Rejuvenation Clinic
128669,reviews,49102,Elixir Treatments at The Salon Hair and Beauty
128669,reviews,49102,Elixir Treatments at The Salon Hair and Beauty
128669,reviews,49108,Elixir Treatments at The Salon Hair and Beauty
128897,reviews,65531,SKin-FX Precision Aesthetics
129303,reviews,49312,Beauty Aesthetics
129496,reviews,45551,FreshFaced-by-Helen
129721,reviews,66547,Claire Grainger Aesthetics
129724,reviews,46304,Samvat Clinic
129881,reviews,55098,Hemel Cosmetic Clinic
129881,reviews,60188,Hemel Cosmetic Clinic
129881,reviews,62059,Hemel Cosmetic Clinic
129881,reviews,63714,Hemel Cosmetic Clinic
129887,reviews,58425,Wells Clinic Ashford
131318,reviews,13014,Debbie Mills
131365,reviews,56793,True Aesthetics
131554,reviews,59435,Cotswold Face Aesthetics Clinic
131554,reviews,61322,Cotswold Face Aesthetics Clinic
132237,reviews,60039,Aesthetic Spirit
132237,reviews,60040,Aesthetic Spirit
132237,reviews,60114,Aesthetic Spirit
132237,reviews,60115,Aesthetic Spirit
132409,reviews,57926,Caroline Benson,deleted
132409,reviews,57927,Caroline Benson
132409,reviews,57927,Caroline Benson
132409,reviews,62789,Caroline Benson
132409,reviews,62793,Caroline Benson
132569,reviews,46515,Novello Skin
132569,reviews,46674,Novello Skin
132647,reviews,64117,Rippon Medical Services
133949,reviews,66320,Formé Clinic
134392,reviews,46223,Mills Medical Services - Leeds
134408,reviews,47059,TLC - Leicestershire
135398,reviews,46734,The Lovely Clinic
136016,reviews,46729,Kingdom Aesthetics
136016,reviews,46747,Kingdom Aesthetics
136016,reviews,46782,Kingdom Aesthetics
136016,reviews,46787,Kingdom Aesthetics
136031,reviews,66063,Dr. Aarti Narayan-Denning: Reverse Time
136051,reviews,52711,Body & Beauty Studio
136389,reviews,51987,My Bliss Clinic
136389,reviews,51501,My Bliss Clinic,deleted
137465,reviews,54019,Call Lane Aesthetics
137559,reviews,47086,Dr BK The Ultimate Dental and Medical Aesthetics Clinic
137559,reviews,47384,Dr BK The Ultimate Dental and Medical Aesthetics Clinic
138048,reviews,45731,Dr Shazeya Aesthetic Clinician
139540,reviews,47180,Rejuvenate Clinics
140733,reviews,50058,Dr. Gabriela Aguilar
140733,reviews,57233,Dr. Gabriela Aguilar
140733,reviews,57237,Dr. Gabriela Aguilar
141359,reviews,58389,Dr. Gabriela Aguilar - Leeds
142061,reviews,49011,Premier Clinic Taman Tun Dr Ismail
142061,reviews,49058,Premier Clinic Taman Tun Dr Ismail
142061,reviews,49209,Premier Clinic Taman Tun Dr Ismail
142061,reviews,50739,Premier Clinic Taman Tun Dr Ismail
142586,reviews,47915,Age Refined Medical Cosmetic Centre
142586,reviews,47920,Age Refined Medical Cosmetic Centre
142610,reviews,60307,Skinqure Leeds Clinic
143659,reviews,48051,Eternal Youth Nurse Led Aesthetics Clinic
143659,reviews,49327,Eternal Youth Nurse Led Aesthetics Clinic
143754,reviews,50704,London Professional Aesthetics
143754,reviews,50893,London Professional Aesthetics
143754,reviews,50901,London Professional Aesthetics
143754,reviews,51110,London Professional Aesthetics
143754,reviews,56818,London Professional Aesthetics
143754,reviews,59441,London Professional Aesthetics
143754,reviews,62554,London Professional Aesthetics
143754,reviews,62817,London Professional Aesthetics,deleted
143754,reviews,62818,London Professional Aesthetics
143754,reviews,62843,London Professional Aesthetics
143754,reviews,63557,London Professional Aesthetics
143754,reviews,63559,London Professional Aesthetics
143754,reviews,64381,London Professional Aesthetics
143754,reviews,65227,London Professional Aesthetics
143754,reviews,65259,London Professional Aesthetics
143754,reviews,51851,London Professional Aesthetics
143754,reviews,54844,London Professional Aesthetics
143754,reviews,62194,London Professional Aesthetics
143754,reviews,62196,London Professional Aesthetics
143754,reviews,62209,London Professional Aesthetics
143754,reviews,63597,London Professional Aesthetics
149825,reviews,51791,Amara Aesthetics
151146,reviews,65156,Suffolk Skin Clinic
154456,reviews,57831,Illuminate Skin Clinics,deleted
155727,reviews,59511,Kent and Surrey Aesthetics
160533,reviews,62233,Dr Osadowska Clinic,deleted
160533,reviews,62233,Dr Osadowska Clinic,deleted
160533,reviews,62235,Dr Osadowska Clinic
160533,reviews,62235,Dr Osadowska Clinic
160533,reviews,62237,Dr Osadowska Clinic
160533,reviews,62237,Dr Osadowska Clinic
162367,reviews,54437,Elan Medical Skin Clinic - London
162367,reviews,54441,Elan Medical Skin Clinic - London
162367,reviews,57052,Elan Medical Skin Clinic - London
162367,reviews,54447,Elan Medical Skin Clinic - London
166488,reviews,66310,St John Clinic - Kingston,deleted
174097,reviews,61246,Delph Aesthetics
174097,reviews,61247,Delph Aesthetics
174097,reviews,61249,Delph Aesthetics
182681,reviews,60998,Littlemiss Cosmetic
182681,reviews,63852,Littlemiss Cosmetic
182681,reviews,63853,Littlemiss Cosmetic
182681,reviews,63978,Littlemiss Cosmetic
182681,reviews,64746,Littlemiss Cosmetic
185017,reviews,64230,Facial Aesthetics - Chelmsford
185017,reviews,64232,Facial Aesthetics - Chelmsford
186007,reviews,63790,Penarth Aesthetics
191389,reviews,64757,@10a Aesthetic Beauty Clinic
192347,reviews,57834,Innocent Aesthetics,deleted
193795,reviews,63412,Time Line Clinic
193795,reviews,64565,Time Line Clinic
193795,reviews,64592,Time Line Clinic
193795,reviews,65014,Time Line Clinic
194165,reviews,63580,Caer Plastic Surgery,deleted
195054,reviews,64183,Array Aesthetics
195054,reviews,64184,Array Aesthetics,deleted
195054,reviews,64184,Array Aesthetics,deleted
195054,reviews,64783,Array Aesthetics
206497,reviews,52324,Doctor Saran
5170,clinics,5170,HSJ Dental
6757,clinics,6757,Rejuvadent
11859,clinics,11859,Medical Aesthetic Clinic
15614,clinics,15614,Enhance Clinic
16923,clinics,16923,Whitehouse Dental Practice
18368,clinics,18368,The Decrease Colonic Hydrotherapy Centre
18400,clinics,18400,Harley Street Treatments Ltd
18468,clinics,18468,Cae Court Clinic
18514,clinics,18514,Cheshire Image Clinic
18692,clinics,18692,The Hair Clinic
18697,clinics,18697,Enhance UK - Rejuvenation Clinic
18757,clinics,18757,Northwood Clinic
18774,clinics,18774,K-Aesthetics (Treatment for lines and wrinkles Surrey)
18774,clinics,18774,K-Aesthetics (Treatment for lines and wrinkles Surrey)
18878,clinics,18878,Intraderm 
21297,clinics,21297,Dr Ahmad Y & Partners - Coventry Road Medical Centre
22397,clinics,22397,The Dunstan Partnership
22969,clinics,22969,Dr S H H Zaidi & Dr S T A Zaidi - Eastwood Road North
22970,clinics,22970,Dr S H H Zaidi & dr S T A Zaidi - Rayleigh Road
23059,clinics,23059,The Laurie Pike Health Centre
23110,clinics,23110,Dr Smart C J & Partners - Alvechurch Medical Centre
23111,clinics,23111,Dr Smart C J & Partners - Northwood Medical Centre
24797,clinics,24797,The Chelsea Practice
26501,clinics,26501,Dr Dalton P K & Partners
27065,clinics,27065,Dr Khan N
27909,clinics,27909,Dr Sinha M
28218,clinics,28218,Drs Anis & Anis
28893,clinics,28893,LONDON FIELDS MEDICAL CENTRE
29295,clinics,29295,Pettit Wj
29535,clinics,29535,SANDRINGHAM PRACTICE
29610,clinics,29610,South King Street Medical Centre
30021,clinics,30021,The New Surgery - Mexborough
30174,clinics,30174,The Surgery - Valence Wood Road
30497,clinics,30497,ZAIN MEDICAL CENTRE Dr KIRMANI
31652,clinics,31652,Dunstan Medical Centre
32135,clinics,32135,Enhance UK - Aspire The Avenue Dental Centre
32136,clinics,32136,Enhance UK - Aspire South Ham Dental Practice
32137,clinics,32137,Enhance UK - Aspire Docklands Smile Studio
37330,clinics,37330,Carisbrook Dental Care Ltd
38797,clinics,38797,Dr Syeda Zaib Un Nissa
91721,clinics,91721,Agno Dental and  Facial Aesthetics
91775,clinics,91775,Health + Aesthetics Farnham
92034,clinics,92034,Ark-G Dental and Aesthetic Centre
92173,clinics,92173,CosmeticliniC
92674,clinics,92674,Deborah Forsythe Clinic Birmingham
92699,clinics,92699,Cosmedicare Skin Clinic
93284,clinics,93284,I-Time Clinic
94047,clinics,94047,Somerset Cosmetic Clinic
94166,clinics,94166,Skin Etc Medical Aesthetics Clinic Solihull
95485,clinics,95485,Cutis Cosmetic Clinic
95503,clinics,95503,Dr Callaghan Condon - Dublin
95750,clinics,95750,Riverbanks Clinic
97132,clinics,97132,Medicetics Connaught Street
99476,clinics,99476,My Clinic Ltd
100122,clinics,100122,United Medical Aesthetics
101335,clinics,101335,Body Aesthetic Center
101335,clinics,101335,Body Aesthetic Center
101395,clinics,101395,Yaz Masud
102274,clinics,102274,Cheshire Cosmetic LTD
102341,clinics,102341,Skintalks
102341,clinics,102341,Skintalks
102394,clinics,102394,ALS Cosmetic LLP
102394,clinics,102394,ALS Cosmetic LLP
102783,clinics,102783,Complete Rejuvenation Woodford Green
103461,clinics,103461,Phoenix Treatment Centre
103545,clinics,103545,sk:n clinics - East Finchley
103545,clinics,103545,sk:n clinics - East Finchley
103555,clinics,103555,sk:n clinics - Victoria
103555,clinics,103555,sk:n clinics - Victoria
103556,clinics,103556,sk:n clinics - Harley Street
103557,clinics,103557,sk:n clinics – Holborn
103558,clinics,103558,sk:n clinics - London Wall
103559,clinics,103559,sk:n clinics - Maida Vale
103559,clinics,103559,sk:n clinics - Maida Vale
103560,clinics,103560,sk:n clinics - Shaftesbury Avenue
103560,clinics,103560,sk:n clinics - Shaftesbury Avenue
103561,clinics,103561,sk:n clinics - Canary Wharf
103561,clinics,103561,sk:n clinics - Canary Wharf
103562,clinics,103562,sk:n clinics - Brighton
103562,clinics,103562,sk:n clinics - Brighton
103563,clinics,103563,sk:n clinics - Bristol
103563,clinics,103563,sk:n clinics - Bristol
103564,clinics,103564,sk:n clinics - Chelmsford
103564,clinics,103564,sk:n clinics - Chelmsford
103565,clinics,103565,sk:n clinics - Guildford
103565,clinics,103565,sk:n clinics - Guildford
103566,clinics,103566,sk:n clinics - Portsmouth
103566,clinics,103566,sk:n clinics - Portsmouth
103567,clinics,103567,sk:n clinics - Southampton
103567,clinics,103567,sk:n clinics - Southampton
103568,clinics,103568,sk:n clinics - Epson
103568,clinics,103568,sk:n clinics - Epson
103569,clinics,103569,sk:n clinics - Bicester
103569,clinics,103569,sk:n clinics - Bicester
103570,clinics,103570,sk:n clinics – Birmingham Bull Street
103570,clinics,103570,sk:n clinics – Birmingham Bull Street
103571,clinics,103571,sk:n clinics – Birmingham Edgbaston
103572,clinics,103572,sk:n clinics - Cheltenham
103572,clinics,103572,sk:n clinics - Cheltenham
103573,clinics,103573,sk:n clinics - Leamington Spa
103573,clinics,103573,sk:n clinics - Leamington Spa
103574,clinics,103574,sk:n clinics - Leicester
103574,clinics,103574,sk:n clinics - Leicester
103575,clinics,103575,sk:n clinics - Milton Keynes
103575,clinics,103575,sk:n clinics - Milton Keynes
103576,clinics,103576,sk:n clinics - Northampton
103576,clinics,103576,sk:n clinics - Northampton
103577,clinics,103577,sk:n clinics - Norwich
103577,clinics,103577,sk:n clinics - Norwich
103578,clinics,103578,sk:n clinics - Nottingham
103578,clinics,103578,sk:n clinics - Nottingham
103580,clinics,103580,sk:n clinics - Wolverhampton
103580,clinics,103580,sk:n clinics - Wolverhampton
103581,clinics,103581,sk:n clinics - Aberdeen
103582,clinics,103582,sk:n clinics - Edinburgh
103582,clinics,103582,sk:n clinics - Edinburgh
103583,clinics,103583,sk:n clinics - Glasgow
103583,clinics,103583,sk:n clinics - Glasgow
103584,clinics,103584,sk:n clinics - Leeds
103584,clinics,103584,sk:n clinics - Leeds
103585,clinics,103585,sk:n clinics - Liverpool
103585,clinics,103585,sk:n clinics - Liverpool
103586,clinics,103586,sk:n clinics - Manchester
103586,clinics,103586,sk:n clinics - Manchester
103587,clinics,103587,sk:n clinics - Middlesbrough
103587,clinics,103587,sk:n clinics - Middlesbrough
103588,clinics,103588,sk:n clinics - Newcastle
103588,clinics,103588,sk:n clinics - Newcastle
103589,clinics,103589,sk:n clinics - Sheffield
103589,clinics,103589,sk:n clinics - Sheffield
104087,clinics,104087,The Fitzgerald Clinic
104198,clinics,104198,Skinqure Clinic
105404,clinics,105404,Temple Medical Ltd
105461,clinics,105461,Ageless
105841,clinics,105841,Aesthetics Anywhere
105887,clinics,105887,Parfaire Aesthetic Clinic
105911,clinics,105911,Allison Jeffery
106020,clinics,106020,Absolute Aesthetics - Guildford
106069,clinics,106069,Facial Cosmetic Surgery Centre
106097,clinics,106097,Outline Skincare
106097,clinics,106097,Outline Skincare
106502,clinics,106502,Lanes Medical Practice
106502,clinics,106502,Lanes Medical Practice
106770,clinics,106770,Britedent
106770,clinics,106770,Britedent
107087,clinics,107087,Zap Laser Clinic
107575,clinics,107575,Mediviron UOA Clinic
108245,clinics,108245,Rejuvadent Scunthorpe
108649,clinics,108649,Advance Clinic
109053,clinics,109053,Essex Aesthetics
109053,clinics,109053,Essex Aesthetics
109353,clinics,109353,Blemish Medical Aesthetics
110647,clinics,110647,Dr Grant Hamlet
112511,clinics,112511,The Implant and Cosmetic Dental Centre
112692,clinics,112692,Revive Aesthetics Clinic Nunthorpe
112875,clinics,112875,Grand Plastic Surgery
113639,clinics,113639,Medicetics Harley Street
113663,clinics,113663,Deborah Forsythe Clinic London
117044,clinics,117044,Urban Beauty Thailand
118960,clinics,118960,Enhance UK - Aspire Bury Knowle Dental Practice
118961,clinics,118961,Enhance UK - Aspire Bridge Street Dental Practice
118962,clinics,118962,Enhance UK - Aspire Hampshire Healthcare Centre
118963,clinics,118963,Enhance UK - Aspire Havant Dental Practice
118964,clinics,118964,Enhance UK - Aspire Dagenham Dental Practice
118965,clinics,118965,Enhance UK - Aspire Island Health Dental
118966,clinics,118966,Enhance UK - Aspire Amersham Dental
118967,clinics,118967,Enhance UK - Aspire Aylesbury Dental
118969,clinics,118969,- Aspire Lee-on-Solent Dental
119560,clinics,119560,Riverbanks Clinic (London)
122473,clinics,122473,Instituto Medico de Salud e Imagen - Las Palmas Clinic
125243,clinics,125243,Pitangui Medical & Beauty
125440,clinics,125440,Hampson Surgery
126491,clinics,126491,sk:n clinics - Sheffield Crystal Peaks
126491,clinics,126491,sk:n clinics - Sheffield Crystal Peaks
126937,clinics,126937,Complete Rejuvenation Sawbridgeworth
127048,clinics,127048,FUE Clinics Hair Transplants Aberdeen
127049,clinics,127049,FUE Clinics Hair Transplants Newcastle
127050,clinics,127050,FUE Clinics Hair Transplants Leeds
127053,clinics,127053,FUE Clinics Hair Transplants Birmingham
127055,clinics,127055,FUE Clinics Hair Transplants London
127056,clinics,127056,FUE Clinics Hair Transplants Bristol
127058,clinics,127058,FUE Clinics Hair Transplants Manchester
127059,clinics,127059,FUE Clinics Hair Transplants Glasgow
127582,clinics,127582,Enhancing Health & Beauty - Envy Beauty Studios
131335,clinics,131335,Smileworks
131335,clinics,131335,Smileworks
131419,clinics,131419,EvenLines Aesthetics
133049,clinics,133049,Medicetics Cirencester
133292,clinics,133292,Complete Rejuvenation Waltham
133723,clinics,133723,Skin Art Clinic
134591,clinics,134591,Renee Clinic
135018,clinics,135018,Body Silk Clinic
137269,clinics,137269,Freedomhealth Online
139374,clinics,139374,Radiance
142168,clinics,142168,Skinqure Clinic - The new Barn
142730,clinics,142730,Absolute Aesthetics - London
142731,clinics,142731,Absolute Aesthetics - Bristol
145587,clinics,145587,Klinik Bangsar South
153181,clinics,153181,Ghosh Medical Private General Practice
154889,clinics,154889,The Bedside Manner
158701,clinics,158701,DR LEO AESTHETIC PLASTIC & RECONSTRUCTIVE SURGERY
160112,clinics,160112,iGraft Global Hair Services Hair Transplant Pune
160534,clinics,160534,Dr Osadowska Clinic Warsaw
164033,clinics,164033,Dr Callaghan Condon - Clane General Hospital
172179,clinics,172179,iGraft Global Hair Services Hair Transplant Delhi
172180,clinics,172180,iGraft Global Hair Services Bangalore
172853,clinics,172853,Bangkok Laser and Rejuvenation Center
184216,clinics,184216,Vie Aesthetics
194561,clinics,194561,Aesthetic Medicine Iwona Minkiewicz
195715,clinics,195715,FUE Clinics Hair Transplants Cardiff
195717,clinics,195717,FUE Clinics Hair Transplants Portsmouth
195718,clinics,195718,FUE Clinics Hair Transplants Exeter
91792,Clinic_ProcedurePricing,773220,Ailesbury Clinic
91792,Clinic_ProcedurePricing,773220,Ailesbury Clinic
91792,Clinic_ProcedurePricing,773220,Ailesbury Clinic
91792,Clinic_ProcedurePricing,773250,Ailesbury Clinic
91792,Clinic_ProcedurePricing,773250,Ailesbury Clinic
91792,Clinic_ProcedurePricing,773250,Ailesbury Clinic
91792,Clinic_ProcedurePricing,773250,Ailesbury Clinic
91792,Clinic_ProcedurePricing,773250,Ailesbury Clinic
91792,Clinic_ProcedurePricing,773250,Ailesbury Clinic
95485,Clinic_ProcedurePricing,821817,Cutis Cosmetic Clinic
101721,Clinic_ProcedurePricing,892201,MEDICAL TRAVEL Czech Republic - Plastic Surgery
102843,Clinic_ProcedurePricing,910817,Freedom Health
102843,Clinic_ProcedurePricing,910856,Freedom Health
105091,Clinic_ProcedurePricing,963121,The Chilston Clinic
106486,Clinic_ProcedurePricing,994938,DermalClinic
113326,Clinic_ProcedurePricing,1154335,Kath Cumberland Associates
126326,Staffs,170224,ClinicForYou
126326,Staffs,170224,ClinicForYou
136031,Clinic_ProcedurePricing,1799496,Dr. Aarti Narayan-Denning: Reverse Time
137269,Clinic_ProcedurePricing,1809516,Freedomhealth Online
137269,Clinic_ProcedurePricing,1809546,Freedomhealth Online
137269,Clinic_ProcedurePricing,1809578,Freedomhealth Online
138402,Staffs,195305,Hair Transplant Surgeries (HTS)
138403,Staffs,195305,Hair Transplant Surgeries (HTS) Nottingham
138404,Staffs,195305,Hair Transplant Surgeries (HTS) Liverpool
138406,Staffs,195305,Hair Transplant Surgeries (HTS) Stoke on trent  WM
138407,Staffs,195305,Hair Transplant Surgeries (HTS) Milton Keynes
138408,Staffs,195305,Hair Transplant Surgeries (HTS) Belfast
138409,Staffs,195305,Hair Transplant Surgeries (HTS) Birmingham
138410,Staffs,195305,Hair Transplant Surgeries (HTS) Warrington
138411,Staffs,195305,Hair Transplant Surgeries (HTS) Cardiff
138412,Staffs,195305,Hair Transplant Surgeries (HTS) Bristol
138413,Staffs,195305,Hair Transplant Surgeries (HTS) Manchester
138414,Staffs,195305,Hair Transplant Surgeries (HTS) Leeds
138415,Staffs,195305,Hair Transplant Surgeries (HTS) Newcastle
144635,Clinic_ProcedurePricing,2080557,Parkside Hospital
144636,Clinic_ProcedurePricing,2080615,Concept Fertility Surrey
147168,Clinic_ProcedurePricing,2949485,Esteliq Clinic
147168,Clinic_ProcedurePricing,2949485,Esteliq Clinic
147168,Clinic_ProcedurePricing,2949490,Esteliq Clinic
147168,Clinic_ProcedurePricing,2949490,Esteliq Clinic
158701,Staffs,209511,DR LEO AESTHETIC PLASTIC & RECONSTRUCTIVE SURGERY
182226,Staffs,195305,Hair Transplant Surgeries (HTS) Bolton
182227,Staffs,195305,Hair Transplant Surgeries (HTS) Blackburn
182228,Staffs,195305,Hair Transplant Surgeries (HTS) Stockport
182229,Staffs,195305,Hair Transplant Surgeries (HTS) Southampton
182230,Staffs,195305,Hair Transplant Surgeries (HTS) Chester
182231,Staffs,195305,Hair Transplant Surgeries (HTS) Luton
182232,Staffs,195305,Hair Transplant Surgeries (HTS) Swansea
182233,Staffs,195305,Hair Transplant Surgeries (HTS) Sheffield
182234,Staffs,195305,Hair Transplant Surgeries (HTS) Derby
182235,Staffs,195305,Hair Transplant Surgeries (HTS) Blackpool
182236,Staffs,195305,Hair Transplant Surgeries (HTS) Stoke-on-trent
182237,Staffs,195305,Hair Transplant Surgeries (HTS) Middlesbrough
182238,Staffs,195305,Hair Transplant Surgeries (HTS) Sunderland
182239,Staffs,195305,Hair Transplant Surgeries (HTS) Reading
184975,Staffs,195305,Hair Transplant Surgeries (HTS) Swinton
184976,Staffs,195305,Hair Transplant Surgeries (HTS) Oldham
184977,Staffs,195305,Hair Transplant Surgeries (HTS) Leicestershire
184978,Staffs,195305,Hair Transplant Surgeries (HTS) Didsbury
184979,Staffs,195305,Hair Transplant Surgeries (HTS) Cheadle
184980,Staffs,195305,Hair Transplant Surgeries (HTS) Wirral
184981,Staffs,195305,Hair Transplant Surgeries (HTS) Wilmslow
184982,Staffs,195305,Hair Transplant Surgeries (HTS) Essex
184983,Staffs,195305,Hair Transplant Surgeries (HTS) Dudley
184984,Staffs,195305,Hair Transplant Surgeries (HTS) Harrogate
184985,Staffs,195305,Hair Transplant Surgeries (HTS) Durham
184986,Staffs,195305,Hair Transplant Surgeries (HTS) Rucorn
184987,Staffs,195305,Hair Transplant Surgeries (HTS) Mansfield
23794,Staffs,64647,Heacham Group Practice - Heacham Surgery
23794,Staffs,64652,Heacham Group Practice - Heacham Surgery
24880,Staffs,71142,The Kingthorne Group Practice - Kingthorne House 83a
24880,Staffs,71144,The Kingthorne Group Practice - Kingthorne House 83a
24881,Staffs,71142,The Kingthorne Group Practice
24881,Staffs,71144,The Kingthorne Group Practice
25514,Staffs,74725,Ball Tree Surgery
27876,Staffs,83548,Dr Sherlaw S R & Partners
28342,Staffs,85351,ELSDALE STREET SURGERY
14,leadfeedback,611231,Robert Korhaz Private Clinic,deleted
178,reviews,30192,Implant Dental Center Tijuana
271,reviews,62622,Dr Hubert Tytgat
441,reviews,2427,Estetika Tour
470,reviews,54200,Dentalperiogroup
704,reviews,1545,Dentists in Cancun
704,reviews,1862,Dentists in Cancun
704,reviews,2609,Dentists in Cancun
704,reviews,5784,Dentists in Cancun
704,reviews,4853,Dentists in Cancun
704,reviews,4793,Dentists in Cancun
704,reviews,2676,Dentists in Cancun
704,reviews,2637,Dentists in Cancun
704,reviews,2382,Dentists in Cancun
870,reviews,2154,Center for Advanced Dentistry
1117,reviews,49132,Latvia Dental
3628,reviews,66184,Redmond Molloy Dental Clinic - Santry,deleted
15762,reviews,53451,British Lasik And Cosmetic Surgery Center,deleted
15762,reviews,53451,British Lasik And Cosmetic Surgery Center,deleted
31493,reviews,50286,Bioscor International - Hobart,deleted
31493,reviews,50286,Bioscor International - Hobart,deleted
39560,reviews,57782,Riverside Clinic,deleted
39560,reviews,57782,Riverside Clinic,deleted
40976,reviews,45954,Sacred Heart Dental Clinic
53280,reviews,3590,Gentle Dental Santa Rosa 
92156,reviews,12887,Pro-Implant
92156,reviews,12887,Pro-Implant
92834,leadfeedback,455940,Westcoast International Dental Clinics - Ben Thanh,deleted
92963,reviews,9450,Kathryn Revell Cosmetic
92963,reviews,10006,Kathryn Revell Cosmetic
92963,reviews,35028,Kathryn Revell Cosmetic
92963,reviews,55758,Kathryn Revell Cosmetic
92963,reviews,66808,Kathryn Revell Cosmetic
92963,reviews,66808,Kathryn Revell Cosmetic
93972,leadfeedback,26397,Aesthetic Medical Clinic,deleted
94142,reviews,13425,Onslow Gardens Dental Practice
95280,reviews,40378,Geraldine Rudkins Acupuncturist
95312,reviews,26380,Dr H C Leong Dental Surgeon
95366,leadfeedback,407853,AcuMed - Paula Duffin Acupuncture & Medical Clinic,deleted
95808,reviews,51692,Cosmetic Surgery & Skin Care Clinic Dr Tu
96248,reviews,42280,U.S. Dental
99500,reviews,2501,Turret Orthodontics
99701,leadfeedback,401598,Hospital Universitario Lenin,deleted
100732,leadfeedback,598357,Centro de Otorrinolaringologia y especialidades,deleted
102796,reviews,61743,Singelberg Clinic
102844,leadfeedback,735086,Lito Private Hospital,deleted
103985,leadfeedback,151108,Simply Dental,deleted
104315,reviews,32521,Courthouse Clinics - Wilmslow
104315,reviews,32521,Courthouse Clinics - Wilmslow
104426,reviews,4025,Siobhan Kehoe R.G.N, R.M  Acupuncturist Herbalist
104426,reviews,6321,Siobhan Kehoe R.G.N, R.M  Acupuncturist Herbalist
104426,reviews,6349,Siobhan Kehoe R.G.N, R.M  Acupuncturist Herbalist
104426,reviews,7189,Siobhan Kehoe R.G.N, R.M  Acupuncturist Herbalist
104426,reviews,6119,Siobhan Kehoe R.G.N, R.M  Acupuncturist Herbalist
104844,reviews,51996,KL Eye Specialist Centre,deleted
104954,reviews,54982,Miracle Aesthetic Clinic - Kuta, Bali,deleted
104954,reviews,60111,Miracle Aesthetic Clinic - Kuta, Bali
105061,reviews,15103,Meridian Acupuncture®
105061,reviews,15104,Meridian Acupuncture®
105061,reviews,49713,Meridian Acupuncture®
105128,reviews,49932,Letoon Hospital,deleted
105608,reviews,24347,Auralia - Limerick
105629,reviews,56060,Cork Dental Care
105956,leadfeedback,542319,The British Dental Clinic and Implant Centre,deleted
106212,leadfeedback,79676,Calvin Chan Aesthetic and Laser Clinic,deleted
106306,reviews,10147,Jo George
106540,reviews,8209,The Specialist Dental and Implant Centre
106791,reviews,58624,Back and Neck Chiropractic Clinic
107105,leadfeedback,151558,Stamford Skin Centre,deleted
107194,reviews,66351,Ocean Dental Cancún - U.S Board Certified Dentist
107297,reviews,55133,Artane Dental
107477,reviews,8684,Diabetes Ayurveda Diafree Treatment India
107537,leadfeedback,238346,LIFE Clinic,deleted
107537,leadfeedback,470034,LIFE Clinic,deleted
107918,reviews,46516,DermaHealth
108319,reviews,50974,The Riviera British Dental Clinic
108581,reviews,52810,BeautyMed Plastic Surgery Centre & Medical Spa,deleted
108692,leadfeedback,208161,Poliklinik Medikulit & Surgery,deleted
108715,reviews,52557,Star Cosmetic Medicine,deleted
108732,reviews,52622,The Melrose Aesthetic Centre
108732,reviews,53327,The Melrose Aesthetic Centre
109044,reviews,50985,Blue Light Dental Clinic
109178,reviews,12332,Attar Dental Clinic
109637,reviews,48240,Premier Orthodontics - Bromley
109695,leadfeedback,646966,Renaissance Skin Care - Berwick,deleted
109695,reviews,16694,Renaissance Skin Care - Berwick
109695,reviews,51796,Renaissance Skin Care - Berwick
110372,reviews,56923,Nicanor Plastic & Cosmetic Surgery
110984,reviews,63507,BotaClinic,deleted
111588,reviews,64827,Proderma Aesthetic Clinics
112091,reviews,25975,Dentalestetic Dra. Melisa Meneses
112121,leadfeedback,139285,Dr. Oscar Morel,deleted
112176,reviews,36992,Costa Rica Dental Team
112360,reviews,49304,Accualaser Plastic Surgery Associates
112429,reviews,47273,The Rosenstock Lieberman Plastic Surgery Center
112429,reviews,51426,The Rosenstock Lieberman Plastic Surgery Center
112583,reviews,62467,Health Avenue Grosvenor House - Dubai Marina
112801,reviews,15498,Aura Homoeopathy Clinic & Research Centre
113523,reviews,48095,Paarl Aesthetics Medicine
114746,reviews,54280,Midas Touch Med Spa
114746,reviews,62468,Midas Touch Med Spa
114797,reviews,49854,Restore Clinic - GyneCosmetics,deleted
115441,leadfeedback,652044,Radiant Medical Phuket,deleted
115441,reviews,54763,Radiant Medical Phuket
115611,reviews,16619,Celevenus Wellness & Aesthetic Clinic
115611,reviews,16619,Celevenus Wellness & Aesthetic Clinic
115611,reviews,16619,Celevenus Wellness & Aesthetic Clinic
115611,reviews,32879,Celevenus Wellness & Aesthetic Clinic
115611,reviews,32879,Celevenus Wellness & Aesthetic Clinic
115611,reviews,39044,Celevenus Wellness & Aesthetic Clinic
115611,reviews,39044,Celevenus Wellness & Aesthetic Clinic
116179,reviews,66386,Silver Line Hospital
116190,reviews,48802,Ultimo Aesthetic & Dental Center- Bali
116190,reviews,51408,Ultimo Aesthetic & Dental Center- Bali,deleted
116257,reviews,19211,Renaissance Skin Care- Mornington
116347,reviews,51945,Nitai Medical & Cosmetic Centre
116347,reviews,52164,Nitai Medical & Cosmetic Centre
116385,reviews,25637,Centre Medical International
116811,reviews,64219,About Face Laser & Cosmedic Clinic,deleted
116830,reviews,56544,Skin Notion Laser Vein Cosmetic Clinic
116830,reviews,56544,Skin Notion Laser Vein Cosmetic Clinic
117088,reviews,48179,Veduta Clinic
117178,reviews,34280,Dr. Michael's Dental Clinic
117178,reviews,34281,Dr. Michael's Dental Clinic
117178,reviews,34282,Dr. Michael's Dental Clinic
117178,reviews,34282,Dr. Michael's Dental Clinic
117178,reviews,34287,Dr. Michael's Dental Clinic
117178,reviews,34287,Dr. Michael's Dental Clinic
117178,reviews,34288,Dr. Michael's Dental Clinic
117178,reviews,34289,Dr. Michael's Dental Clinic
117178,reviews,34286,Dr. Michael's Dental Clinic
117178,reviews,34286,Dr. Michael's Dental Clinic
117178,reviews,34285,Dr. Michael's Dental Clinic
117178,reviews,34285,Dr. Michael's Dental Clinic
117178,reviews,34284,Dr. Michael's Dental Clinic
117178,reviews,34283,Dr. Michael's Dental Clinic
117178,reviews,31591,Dr. Michael's Dental Clinic
117711,reviews,55203,Dr Sarah Boxley,deleted
117711,reviews,55203,Dr Sarah Boxley,deleted
117711,reviews,57165,Dr Sarah Boxley,deleted
118746,reviews,57978,Apex Profound Beauty - Royal Garden Plaza Pattaya
119529,reviews,56437,Alpha Chiropractic and Sports Injury Clinic
119772,reviews,50963,COSMEDICA Hair Transplant
119772,reviews,50963,COSMEDICA Hair Transplant
119772,reviews,55190,COSMEDICA Hair Transplant
119772,reviews,58649,COSMEDICA Hair Transplant
119772,reviews,66558,COSMEDICA Hair Transplant
120935,reviews,52278,The Rai Clinic,deleted
121074,leadfeedback,639174,Holtz Spa,deleted
121392,leadfeedback,639173,Murphy Laser,deleted
122008,reviews,45266,Enhance Clinic Penrith
122570,reviews,51842,Artisan Cosmetic and Rejuvenation Clinic
122570,reviews,51842,Artisan Cosmetic and Rejuvenation Clinic
122890,reviews,49374,Clearskincare Clinics Adelaide Street,deleted
122890,reviews,49374,Clearskincare Clinics Adelaide Street,deleted
123218,reviews,51136,FaceDoctor Clinic
123225,reviews,49897,Face Today Clinic Bondi Junction
123440,reviews,53000,Laser Clinics Australia Hurstville
123445,reviews,55348,Laser Clinics Australia Parramatta
123445,reviews,55349,Laser Clinics Australia Parramatta
124216,leadfeedback,532126,About Face Skin & Hair - Port Augusta,deleted
124217,reviews,64924,Skin Aesthetics and Medical Centre,deleted
124377,reviews,56217,Medical Cosmetic Centre
124595,reviews,58535,Instant Laser Clinic,deleted
124866,reviews,48738,Lisa Moore Therapy
124987,reviews,65513,The Laser Premium Clinic
124990,reviews,56359,DermaCure Clinic
124990,reviews,63022,DermaCure Clinic,deleted
125362,reviews,56155,Laser Skin Clinic
125526,reviews,42654,Rejuvenation Next
125665,reviews,50442,MD Cosmedical Solutions
125665,reviews,50442,MD Cosmedical Solutions
125666,reviews,50765,MD Cosmedical Solutions Sheraton,deleted
125666,reviews,50765,MD Cosmedical Solutions Sheraton,deleted
125666,reviews,50767,MD Cosmedical Solutions Sheraton,deleted
125666,reviews,50767,MD Cosmedical Solutions Sheraton,deleted
125666,reviews,50768,MD Cosmedical Solutions Sheraton,deleted
125666,reviews,50768,MD Cosmedical Solutions Sheraton,deleted
125968,reviews,49579,ICCM International Centre for Cosmetic Medicine
125982,reviews,33660,Dermaster Thailand
125982,reviews,35513,Dermaster Thailand
125982,reviews,36075,Dermaster Thailand
125982,reviews,45332,Dermaster Thailand
126060,reviews,45264,Medaesthetics Australia
126060,reviews,57159,Medaesthetics Australia
126314,reviews,59531,London Cosmetic Clinic
126314,reviews,60549,London Cosmetic Clinic
126474,reviews,52611,Skin Vitality Medical Clinic - Stoney Creek,deleted
126543,reviews,53197,Renew Aesthetic Clinic - Naas
126555,leadfeedback,558429,Bodyworx Aesthetics Clinic,deleted
126816,reviews,62148,Dr. Francois Johan Duminy
127264,reviews,28654,Puttharaksa Aesthetic
127577,reviews,58578,River Medical Cosmetic
127671,reviews,30274,Beverly Hills Medical Group Dental
127671,reviews,30289,Beverly Hills Medical Group Dental
128045,reviews,40571,Dr. Michael's Children's Dental Center
128045,reviews,40572,Dr. Michael's Children's Dental Center
128045,reviews,40572,Dr. Michael's Children's Dental Center
128045,reviews,40573,Dr. Michael's Children's Dental Center
128045,reviews,40574,Dr. Michael's Children's Dental Center
128045,reviews,40570,Dr. Michael's Children's Dental Center
128045,reviews,40569,Dr. Michael's Children's Dental Center
128045,reviews,40575,Dr. Michael's Children's Dental Center
128045,reviews,40575,Dr. Michael's Children's Dental Center
128045,reviews,40576,Dr. Michael's Children's Dental Center
128045,reviews,40576,Dr. Michael's Children's Dental Center
128045,reviews,40577,Dr. Michael's Children's Dental Center
128045,reviews,40577,Dr. Michael's Children's Dental Center
128045,reviews,40578,Dr. Michael's Children's Dental Center
128045,reviews,40579,Dr. Michael's Children's Dental Center
128690,reviews,58465,The Facial Rejuvenation Clinic Sydney CBD,deleted
128866,leadfeedback,736975,CorDerm Advanced Dermatology and Laser Center,deleted
129379,reviews,52319,Infinita Belleza,deleted
129379,reviews,52319,Infinita Belleza,deleted
129453,reviews,46086,DERMA Plus Clinic Phuket
129453,reviews,48601,DERMA Plus Clinic Phuket
129453,reviews,56131,DERMA Plus Clinic Phuket
129715,reviews,52035,Beauty Yours,deleted
129789,reviews,32544,Glanmire Holistic Centre
129789,reviews,32544,Glanmire Holistic Centre
130024,reviews,54073,Dr.Mahmoud Ghanem Psychotherapy Clinic
130293,reviews,46988,Medical Holidays Abroad Odessa
130413,reviews,65374,Dr. Andres Freschi
131394,reviews,53863,Doctor Cosmetic
132058,leadfeedback,688390,Metro Bangkok Clinic,deleted
132058,reviews,56893,Metro Bangkok Clinic,deleted
132085,reviews,48880,Sydney Cosmetic Centre
132085,reviews,55081,Sydney Cosmetic Centre
132174,reviews,57017,Perth Surgical & Bariatrics
132398,leadfeedback,218807,The Plastic Surgery Centre,deleted
132441,reviews,49994,Maximum Performance Wellness Center
132441,reviews,60095,Maximum Performance Wellness Center
132441,reviews,66288,Maximum Performance Wellness Center
132707,leadfeedback,619224,Cascade Aesthetics,deleted
132802,leadfeedback,672805,IVF Bridge Fertility Centre,deleted
132802,leadfeedback,672805,IVF Bridge Fertility Centre,deleted
135204,reviews,46332,Elm Court Clinic
135204,reviews,56034,Elm Court Clinic
135929,leadfeedback,522982,New Town Skin Repair Clinic,deleted
136387,reviews,63216,Transest Hair Transplant
136725,leadfeedback,638614,Aequabis Medispa,deleted
137089,reviews,62642,Sparks Dental Centre,deleted
137853,reviews,54812,Dr Kamal Bhana Specialist Dermatologist
138397,leadfeedback,391340,Nu-Follica Hair Clinics - Johannesberg,deleted
138432,reviews,59663,Cosmetic Surgery Cyprus
139236,reviews,58460,Da Vinci Clinic
139355,reviews,51681,Dublin Skin and Laser Clinic
139536,reviews,54942,Skin Secrets
139876,reviews,62481,Laser Clinics Australia Eastgardens,deleted
139876,reviews,62481,Laser Clinics Australia Eastgardens,deleted
139986,reviews,48719,Veni Vidi Goz - Atalar,deleted
140681,reviews,57948,Skin Laser Dubai,deleted
140984,reviews,52621,Saudi German Hospital - Jeddah
140989,leadfeedback,634642,Saudi German Hospital - Madinah,deleted
141032,reviews,63214,Cellular Treatments India
141314,reviews,53873,Dr. Ashraf Abolfotooh Plastic & Reconstructive Surgery Clinic
141336,reviews,54762,DrHB Clinic
141336,reviews,54762,DrHB Clinic
141336,reviews,54934,DrHB Clinic
141336,reviews,56276,DrHB Clinic
141336,reviews,56276,DrHB Clinic
141336,reviews,56287,DrHB Clinic
141336,reviews,56295,DrHB Clinic
141336,reviews,56695,DrHB Clinic
141336,reviews,58738,DrHB Clinic
141336,reviews,58740,DrHB Clinic
141336,reviews,58740,DrHB Clinic
141336,reviews,58743,DrHB Clinic
141336,reviews,62304,DrHB Clinic
141336,reviews,62304,DrHB Clinic
141336,reviews,56783,DrHB Clinic
141336,reviews,56783,DrHB Clinic
143062,reviews,66805,Bites and Braces
143078,reviews,66644,Klinika Mediestetik Praha
143978,leadfeedback,634646,United Doctors Hospital,deleted
144061,leadfeedback,540745,AZ Sint-Jan - Brugges,deleted
145968,leadfeedback,677055,Optical Express,deleted
145968,leadfeedback,677055,Optical Express,deleted
147822,reviews,55183,The White Smile Clinic South County Dublin
148021,leadfeedback,666801,MedConsult Clinic,deleted
151081,reviews,63967,Skin MD and Beyond- Dr. Fiona Wright,deleted
151081,reviews,63967,Skin MD and Beyond- Dr. Fiona Wright,deleted
151081,reviews,66354,Skin MD and Beyond- Dr. Fiona Wright
151531,reviews,51991,Clinic Neo
154461,reviews,54147,Suite 7 Cosmetic Clinic
154461,reviews,54147,Suite 7 Cosmetic Clinic
156957,reviews,62239,Holident Dental Clinic
158622,reviews,61151,Looksbylaser,deleted
159146,reviews,58154,Visage Clinic
159146,reviews,62635,Visage Clinic
159146,reviews,64164,Visage Clinic
159570,reviews,63664,Oskar Hair Transplant
159617,reviews,64178,Dr. Robin Chok
160858,leadfeedback,612461,The Eye Care Centre
163024,reviews,54756,The Surrey Clinic
164202,leadfeedback,514983,Dr. Maria Gavrilina Clinic,deleted
164840,reviews,57703,Dr.Deon Weyers Practice
165265,reviews,59460,Renewme Skin Clinic
165265,reviews,59460,Renewme Skin Clinic
165265,reviews,59461,Renewme Skin Clinic
165265,reviews,59461,Renewme Skin Clinic
165265,reviews,59755,Renewme Skin Clinic
165265,reviews,60720,Renewme Skin Clinic
166502,reviews,66081,Pure Luxury Medi Spa,deleted
167984,reviews,60277,Moawad Skin Institute Cairo
167984,reviews,60280,Moawad Skin Institute Cairo
168245,reviews,60509,Derma Health
169147,reviews,59152,Buena Vista Aesthetics,deleted
169147,reviews,59152,Buena Vista Aesthetics,deleted
169147,reviews,62899,Buena Vista Aesthetics,deleted
169147,reviews,62899,Buena Vista Aesthetics,deleted
169147,reviews,62900,Buena Vista Aesthetics,deleted
169147,reviews,62900,Buena Vista Aesthetics,deleted
169177,reviews,57724,1300 SAMARA
169177,reviews,57725,1300 SAMARA
171343,reviews,65181,Estrella Aesthetics
171343,reviews,65181,Estrella Aesthetics
174384,reviews,58028,Himerus Skin
182619,reviews,57765,Winds of Change Cosmetic Surgery Dr. Kristi K. Sumpter,deleted
182889,reviews,51993,Sainte Chapelle Medical and Dental Aesthetic Clinic,deleted
182889,reviews,51994,Sainte Chapelle Medical and Dental Aesthetic Clinic,deleted
182889,reviews,51997,Sainte Chapelle Medical and Dental Aesthetic Clinic,deleted
182889,reviews,52038,Sainte Chapelle Medical and Dental Aesthetic Clinic,deleted
182889,reviews,52038,Sainte Chapelle Medical and Dental Aesthetic Clinic,deleted
182889,reviews,52038,Sainte Chapelle Medical and Dental Aesthetic Clinic,deleted
188779,reviews,63668,Smart International Aesthetic
192029,reviews,65373,Dr. Robert Nettles - Manhattan Beach,deleted
200781,reviews,55529,LaNu MediSpa
393,clinics,393,Serum Bimedical Inst
809,clinics,809,Dominican Republic Dentists
870,clinics,870,Center for Advanced Dentistry
1012,clinics,1012,Queen Dental Centre of Implantology
1945,clinics,1945,Perfect Smile by Maguire and Hiney
4764,clinics,4764,Medicosmetic Centre
18343,clinics,18343,Allay Health and Beauty
18343,clinics,18343,Allay Health and Beauty
18654,clinics,18654,Studio Dentistico Dr. Massimo Malara
39884,clinics,39884,Chen Hong - Artane Medical Centre
40424,clinics,40424,Gan Advanced Osseointegration Center
40681,clinics,40681,Sakar Dental
91658,clinics,91658,Sahaj Dental Clinic Allahabad Center
93005,clinics,93005,Connemara Healing  Galway Massage
95682,clinics,95682,Sarah Burns Orthodontics
96248,clinics,96248,U.S. Dental
100441,clinics,100441,The Oral Care Centre
102232,clinics,102232,Evista Eye Care Centre
102702,clinics,102702,Boyett Health Services
102702,clinics,102702,Boyett Health Services
102702,clinics,102702,Boyett Health Services
103140,clinics,103140,Brookwood Physiotherapy and Pilates Clinic
104751,clinics,104751,Camila&Evertton Dentistry
104751,clinics,104751,Camila&Evertton Dentistry
105177,clinics,105177,No8 Dental and Cosmetic
105177,clinics,105177,No8 Dental and Cosmetic
106718,clinics,106718,Victoria Comiskey Kildare
107015,clinics,107015,Bainbridge Hand Clinic
107297,clinics,107297,Artane Dental
107474,clinics,107474,António Conde
107980,clinics,107980,Fertility Reflexology
108267,clinics,108267,Osteopath Dublin
109087,clinics,109087,Cheshire Physiotherapy Centre
110086,clinics,110086,Cosmetic Doctor Slievemore Clinic
110495,clinics,110495,Vibhavadi Medical Center
111018,clinics,111018,Eha Clinic
111931,clinics,111931,Bangalore Spine Care Super Speciality Clinic and Research Centre
116445,clinics,116445,Mr Rowan Casey
117280,clinics,117280,AdAstra Treatment Centre, Ltd.
117280,clinics,117280,AdAstra Treatment Centre, Ltd.
117428,clinics,117428,Livelife Hospitals
118312,clinics,118312,GeneralSurgery Ltd at Xanit International Hospital
118901,clinics,118901,St Peter's Travel Clinic
119178,clinics,119178,Lake Nutrition
122465,clinics,122465,Hair Center Mexico by Bosley
122465,clinics,122465,Hair Center Mexico by Bosley
122520,clinics,122520,Helplink
123373,clinics,123373,Beyaz iNCi
123648,clinics,123648,The Healing Zone
124458,clinics,124458,Lotus Clinic ACT
124815,clinics,124815,Nirvana Laser Hair and Skin Clinic
124815,clinics,124815,Nirvana Laser Hair and Skin Clinic
125006,clinics,125006,Jessica Bourke-Natural Fertility Solutions
125030,clinics,125030,Sir Ganga Ram Hospital
126008,clinics,126008,Soma Strata Aesthetica
126479,clinics,126479,Chinese Medicine Center
127057,clinics,127057,FUE Clinics Hair Transplants Dublin
127281,clinics,127281,Aadhan Dental Care
129625,clinics,129625,New Image Cosmetic & Medical Centre
130187,clinics,130187,Physio Ergo Healthcare
131428,clinics,131428,Acu Solution and Acupuncture Clinic
132408,clinics,132408,Ken Hurst-Earl at Soma Wellbeing
132441,clinics,132441,Maximum Performance Wellness Center
132441,clinics,132441,Maximum Performance Wellness Center
132452,clinics,132452,Monte Carlo Plastic Surgery
133709,clinics,133709,Shivam Hospital
134087,clinics,134087,Beauty Basics Wales
135272,clinics,135272,CBC. Beauty care
135947,clinics,135947,Naltrexone Ireland
136091,clinics,136091,Dr. Arie Benchetrit - Cosmedica
136902,clinics,136902,Zen Therapy
137319,clinics,137319,Gerardo L Beauchamp DDS
137322,clinics,137322,CardioHealth Center
137821,clinics,137821,Dra. Camila Albuquerque - Dermatology
137884,clinics,137884,Dental Hospital
138049,clinics,138049,Oftalmološka poliklinika Lacrima
138049,clinics,138049,Oftalmološka poliklinika Lacrima
138049,clinics,138049,Oftalmološka poliklinika Lacrima
138188,clinics,138188,HGH Medical Clinic
138189,clinics,138189,HGH Medical Clinic AmeriMed Hospital
139260,clinics,139260,Multi specialty Hospital
140289,clinics,140289,Beyaz Klinik Ağız ve Diş Sağlığı Polikliniği - Kahramanmaraş
140418,clinics,140418,Renova Skin & Laser Clinic
140466,clinics,140466,Multispeciality Hospital
141336,clinics,141336,DrHB Clinic
141566,clinics,141566,AcuRelief Acupuncture
141567,clinics,141567,Physicare Bodywork Therapy
141847,clinics,141847,Handclinics Glasgow
144502,clinics,144502,Renova Centro De Cirugia Plastica Integral
145842,clinics,145842,Avron Lipschitz, MD: Athena Plastic Surgery
147032,clinics,147032,Sidi Sylvain MD
147032,clinics,147032,Sidi Sylvain MD
147032,clinics,147032,Sidi Sylvain MD
147032,clinics,147032,Sidi Sylvain MD
147032,clinics,147032,Sidi Sylvain MD
147032,clinics,147032,Sidi Sylvain MD
147032,clinics,147032,Sidi Sylvain MD
147032,clinics,147032,Sidi Sylvain MD
147032,clinics,147032,Sidi Sylvain MD
147034,clinics,147034,Dr Karnik' Eye Clinic
147160,clinics,147160,Unismile Dental
147436,clinics,147436,Endony Endocrinology
149315,clinics,149315,Paradise Point Family Medical Centre
152395,clinics,152395,Dr Jalal El Hajj
152395,clinics,152395,Dr Jalal El Hajj
152608,clinics,152608,Maxim Men,s clinic
153165,clinics,153165,Antara Centro de Estetica
153780,clinics,153780,Botox Szeged
154472,clinics,154472,Q&D Acupuncture Clinic
154881,clinics,154881,Cambridge Medical Group
156068,clinics,156068,El Vigia
156068,clinics,156068,El Vigia
156068,clinics,156068,El Vigia
156068,clinics,156068,El Vigia
156068,clinics,156068,El Vigia
156068,clinics,156068,El Vigia
156611,clinics,156611,Dr. Authors Cabinet Contouring Botox Suite
158699,clinics,158699,Calis Beauty Clinic
161369,clinics,161369,Élan Osteopathy - Soma Health and Wellness
163246,clinics,163246,Yasmin Kreuzer Heilpraktikerin
163546,clinics,163546,Mekoko Botox Studio
167846,clinics,167846,Soma Holistic Center
168011,clinics,168011,Allay Ayur Massage
168045,clinics,168045,Doral Medical Center Inc.
168216,clinics,168216,Yaz Aesthetic and Massage
168713,clinics,168713,Prana Health
168772,clinics,168772,Seduction by Jardons Medical Center - Doral
168967,clinics,168967,Juventis Med Spa - Coral Gables
168973,clinics,168973,Juventis Med Spa - Doral Branch
168973,clinics,168973,Juventis Med Spa - Doral Branch
169341,clinics,169341,Soma Plastic Surgery
169486,clinics,169486,Acebo Health Center
172691,clinics,172691,Botox TX
172867,clinics,172867,Syeda Khatoon-E-Jannat Trust Hospital
174386,clinics,174386,Yasmin permanent make up Cork
180541,clinics,180541,Soma Medical Solutions
181341,clinics,181341,Sculptra
184787,clinics,184787,Vellisimo Quintana - Sonata Branch
185864,clinics,185864,Premier Dermatology - Soma Branch
186300,clinics,186300,The Children's Eye & ENT Centre
186588,clinics,186588,Avoid the Knife - Doral
186698,clinics,186698,The Surgery Center at Doral
186904,clinics,186904,Oasis Dream Spa - Doral
186939,clinics,186939,Aromas MedSpa - Doral
186940,clinics,186940,Advanced Dermartology And Cosmetic Surgery-Doral - Dr. Schif
190628,clinics,190628,Doral Dentist Miami, Concierge Dentistry of Florida
190827,clinics,190827,Lorei Medical Spa
190998,clinics,190998,Dr. Teresa Bello Burgos - Doral Park Dental Center
191188,clinics,191188,Dental Specialists of Doral
193149,clinics,193149,Soma Osteopathy
194581,clinics,194581,Renova Centro De Cirugia Plastica Integral
195883,clinics,195883,Gums n Braces multi speciality dental clinic
197966,clinics,197966,Renova Palace Internazionale
198936,clinics,198936,Equipoise Spa Health and Beauty Ltd
198943,clinics,198943,NutriTrim
199443,clinics,199443,Alessandra Ramalho Definity Make-Up
199829,clinics,199829,Clinica Camila Caitano
199830,clinics,199830,Camila de Bona Odontopediatria
200102,clinics,200102,Clinical Camila Dutra
202674,clinics,202674,Saude And Pilates Camila Nolasco
202716,clinics,202716,Soma Odontologia Integrada
203277,clinics,203277,Renova Pele
203973,clinics,203973,Soma Medi Spa
205080,clinics,205080,Sonata Laser Aesthetics
205175,clinics,205175,Bauman Medical - Dr. Alan Bauman
1062,Clinic_ProcedurePricing,19604,Surgery in Greece - Dental Clinic
1062,Clinic_ProcedurePricing,1772492,Surgery in Greece - Dental Clinic
3466,Staffs,2769,Dr Joy Dental Clinic - Jumeirah
92078,Clinic_ProcedurePricing,781591,Dental Office Puerto Vallarta
100731,Clinic_ProcedurePricing,879298,Ferrari Dental Clinic Beirut Lebanon
101617,Clinic_ProcedurePricing,890985,TengTeng Skin Clinic
104061,Clinic_ProcedurePricing,939766,The elbowroom clinic
104194,Clinic_ProcedurePricing,942783,Zak Powers Clinical Psychotherapist
104194,Clinic_ProcedurePricing,942783,Zak Powers Clinical Psychotherapist
104194,Clinic_ProcedurePricing,942783,Zak Powers Clinical Psychotherapist
104194,Clinic_ProcedurePricing,942783,Zak Powers Clinical Psychotherapist
104783,Clinic_ProcedurePricing,954892,Dra. Luz Marely García Alvarez
107165,Clinic_ProcedurePricing,1011829,Ferrari Dental Clinic Clemenceau
107166,Clinic_ProcedurePricing,1011973,Ferrari Dental Clinic Horch Tabet
107167,Clinic_ProcedurePricing,1012117,Ferrari Dental Clinic Hazmieh
107168,Clinic_ProcedurePricing,1012261,Ferrari Dental Clinic Jounieh
108732,Clinic_ProcedurePricing,2234382,The Melrose Aesthetic Centre
109849,Clinic_ProcedurePricing,1074690,The Oaks Clinic
112021,Staffs,149690,Nadezhda Womens Health Hospital
115611,Clinic_ProcedurePricing,1204008,Celevenus Wellness & Aesthetic Clinic
116330,Clinic_ProcedurePricing,1219393,Providence Orthopaedics
117094,Clinic_ProcedurePricing,1236170,Grupo Odontologico Integral
118121,Staffs,199902,Hampstead Dental
121607,Clinic_ProcedurePricing,1332333,The Baltic Vein Clinic
121607,Clinic_ProcedurePricing,1332333,The Baltic Vein Clinic
124869,Clinic_ProcedurePricing,1400237,Dr.Momo in Maxwell Hair Transplant Institute
129582,Clinic_ProcedurePricing,1500317,Centros Unico - Leeds
130413,Staffs,263781,Dr. Andres Freschi
131681,Staffs,280522,The Aesthetic Laser Centre
131681,Staffs,280522,The Aesthetic Laser Centre
132149,Staffs,208572,Kardiolita Private Hospital
135055,Clinic_ProcedurePricing,1859231,Harmony Acupuncture
139911,Clinic_ProcedurePricing,1912258,Centre for Cosmetic Surgery Ghana
139911,Clinic_ProcedurePricing,1912258,Centre for Cosmetic Surgery Ghana
146423,Clinic_ProcedurePricing,2175473,Healing Hands Prana Spa and Academy
186082,Staffs,281031,Zulekha Hospital Sharjah
188002,Staffs,280238,Lazer Lipoliz Istanbul
23795,Staffs,64647,Heacham Group Practice - Snettisham Surgery
23795,Staffs,64652,Heacham Group Practice - Snettisham Surgery
24591,Staffs,69322,Green Lane Medical Centre
24591,Staffs,69330,Green Lane Medical Centre
24592,Staffs,69322,Harnall Lane Medical Centre (Branch Site)
24592,Staffs,69330,Harnall Lane Medical Centre (Branch Site)
28293,Staffs,85127,Dr Withers A W J & Partners
